{"Accuracy_mean": 0.9339845427221984, "Accuracy_std": 0.013286172989923387, "_timestamp": 1712819444.8521125, "_runtime": 5.916858434677124, "_step": 4, "F1 Score_mean": 0.9330964177558794, "F1 Score_std": 0.013301910535170363, "Precision_mean": 0.9338663003193197, "Precision_std": 0.013684159036928805, "Recall_mean": 0.9339845427221984, "Recall_std": 0.013286172989923387, "ROC-AUC_mean": 0.9903694352644212, "ROC-AUC_std": 0.0036968168918125317, "_wandb": {"runtime": 4}}