{"Accuracy_mean": 0.9310755689136968, "Accuracy_std": 0.011058925336499898, "_timestamp": 1712819103.0594618, "_runtime": 5.840825796127319, "_step": 4, "F1 Score_mean": 0.9293371700848532, "F1 Score_std": 0.011454808293576568, "Precision_mean": 0.9305842592303449, "Precision_std": 0.011091908177326314, "Recall_mean": 0.9310755689136968, "Recall_std": 0.011058925336499898, "ROC-AUC_mean": 0.9918718499716631, "ROC-AUC_std": 0.0019216212957510292, "_wandb": {"runtime": 4}}