{"Accuracy_mean": 0.91199012451696, "Accuracy_std": 0.019254343618530245, "_timestamp": 1712819205.3246074, "_runtime": 6.108912467956543, "_step": 4, "F1 Score_mean": 0.916843482644194, "F1 Score_std": 0.018346981708032336, "Precision_mean": 0.9271415377839893, "Precision_std": 0.01742896914108023, "Recall_mean": 0.91199012451696, "Recall_std": 0.019254343618530245, "ROC-AUC_mean": 0.9862667526972537, "ROC-AUC_std": 0.0033302002233253944, "_wandb": {"runtime": 4}}