{"Accuracy_mean": 0.9061292400171748, "Accuracy_std": 0.01579193216002814, "_timestamp": 1712819555.7666974, "_runtime": 5.472379446029663, "_step": 4, "F1 Score_mean": 0.9115317987015841, "F1 Score_std": 0.015589177562316547, "Precision_mean": 0.9225710104285316, "Precision_std": 0.019084532967763457, "Recall_mean": 0.9061292400171748, "Recall_std": 0.01579193216002814, "ROC-AUC_mean": 0.9767507724936909, "ROC-AUC_std": 0.005307359385846564, "_wandb": {"runtime": 3}}