{"Accuracy_mean": 0.944257191927866, "Accuracy_std": 0.021069763193571796, "_timestamp": 1712818977.3969798, "_runtime": 6.720168828964233, "_step": 4, "F1 Score_mean": 0.9439297662888897, "F1 Score_std": 0.020489519606308803, "Precision_mean": 0.9460274802048361, "Precision_std": 0.01893810334646757, "Recall_mean": 0.944257191927866, "Recall_std": 0.021069763193571796, "ROC-AUC_mean": 0.9925852696479456, "ROC-AUC_std": 0.0024037500394544233, "_wandb": {"runtime": 5}}