{"Accuracy_mean": 0.9383963074280807, "Accuracy_std": 0.011099485251624141, "_timestamp": 1712819190.4177992, "_runtime": 11.268829345703125, "_step": 4, "F1 Score_mean": 0.9369213115075773, "F1 Score_std": 0.011650687530748596, "Precision_mean": 0.9401759815751252, "Precision_std": 0.01135470757724742, "Recall_mean": 0.9383963074280807, "Recall_std": 0.011099485251624141, "ROC-AUC_mean": 0.9900825332640318, "ROC-AUC_std": 0.0027938243102260643, "_wandb": {"runtime": 9}}