{"Accuracy_mean": 0.9222413052812366, "Accuracy_std": 0.01792625783179145, "_timestamp": 1712818961.356416, "_runtime": 4.825352907180786, "_step": 4, "F1 Score_mean": 0.9195878585292478, "F1 Score_std": 0.019235280903167472, "Precision_mean": 0.9217465246030685, "Precision_std": 0.019848298798961186, "Recall_mean": 0.9222413052812366, "Recall_std": 0.01792625783179145, "ROC-AUC_mean": 0.9864274672136121, "ROC-AUC_std": 0.00416969564835515, "_wandb": {"runtime": 3}}