{"Accuracy_mean": 0.9340060111635896, "Accuracy_std": 0.016091653023864668, "_timestamp": 1712819688.492925, "_runtime": 8.284024953842163, "_step": 4, "F1 Score_mean": 0.9327165686248376, "F1 Score_std": 0.014972288728124285, "Precision_mean": 0.9366192246132581, "Precision_std": 0.015242051026436563, "Recall_mean": 0.9340060111635896, "Recall_std": 0.016091653023864668, "ROC-AUC_mean": 0.989766227622092, "ROC-AUC_std": 0.003307171016111083, "_wandb": {"runtime": 6}}