{"Accuracy_mean": 0.9354980678402749, "Accuracy_std": 0.0084506613923973, "_timestamp": 1712819742.6229281, "_runtime": 6.300871133804321, "_step": 4, "F1 Score_mean": 0.9337415995122262, "F1 Score_std": 0.007922608261541992, "Precision_mean": 0.9364536524127971, "Precision_std": 0.01017469277939917, "Recall_mean": 0.9354980678402749, "Recall_std": 0.0084506613923973, "ROC-AUC_mean": 0.9906237505431722, "ROC-AUC_std": 0.0032047222192242344, "_wandb": {"runtime": 4}}