{"Accuracy_mean": 0.9339845427221982, "Accuracy_std": 0.01921644374196493, "_timestamp": 1712818847.3648615, "_runtime": 13.10240650177002, "_step": 4, "F1 Score_mean": 0.9332968499894447, "F1 Score_std": 0.019130551881297277, "Precision_mean": 0.9356085922927646, "Precision_std": 0.019108644257865726, "Recall_mean": 0.9339845427221982, "Recall_std": 0.01921644374196493, "ROC-AUC_mean": 0.991173192798739, "ROC-AUC_std": 0.003520110539416214, "_wandb": {"runtime": 11}}