{"Accuracy_mean": 0.8943537999141261, "Accuracy_std": 0.02944544852011838, "_timestamp": 1712818810.6866353, "_runtime": 4.9709813594818115, "_step": 4, "F1 Score_mean": 0.8934470154582043, "F1 Score_std": 0.0293240507530964, "Precision_mean": 0.8942871219695944, "Precision_std": 0.029755204911977553, "Recall_mean": 0.8943537999141261, "Recall_std": 0.02944544852011838, "ROC-AUC_mean": 0.9298970808676599, "ROC-AUC_std": 0.01267099972964232, "_wandb": {"runtime": 3}}