{"Accuracy_mean": 0.9178510090167453, "Accuracy_std": 0.017171921728828296, "_timestamp": 1712819728.681385, "_runtime": 6.660635948181152, "_step": 4, "F1 Score_mean": 0.9145151779949524, "F1 Score_std": 0.02023586501451679, "Precision_mean": 0.9159212127164265, "Precision_std": 0.01852835629659854, "Recall_mean": 0.9178510090167453, "Recall_std": 0.017171921728828296, "ROC-AUC_mean": 0.9742803378270141, "ROC-AUC_std": 0.00555335364464998, "_wandb": {"runtime": 5}}