{"Accuracy_mean": 0.9251932159725206, "Accuracy_std": 0.014378904321352227, "_timestamp": 1712819171.716864, "_runtime": 4.847590208053589, "_step": 4, "F1 Score_mean": 0.9240437700622465, "F1 Score_std": 0.01639191961647771, "Precision_mean": 0.9269366903916751, "Precision_std": 0.017043139666881094, "Recall_mean": 0.9251932159725206, "Recall_std": 0.014378904321352227, "ROC-AUC_mean": 0.9849425094924442, "ROC-AUC_std": 0.004073955778332085, "_wandb": {"runtime": 3}}