{"Accuracy_mean": 0.9251932159725204, "Accuracy_std": 0.01510180873014874, "_timestamp": 1712819514.5183015, "_runtime": 4.909001588821411, "_step": 4, "F1 Score_mean": 0.924041253116658, "F1 Score_std": 0.016926954066080066, "Precision_mean": 0.9267086525420813, "Precision_std": 0.016512001986696084, "Recall_mean": 0.9251932159725204, "Recall_std": 0.01510180873014874, "ROC-AUC_mean": 0.9833153759525913, "ROC-AUC_std": 0.004825388495030169, "_wandb": {"runtime": 3}}