{"Accuracy_mean": 0.9222949763847144, "Accuracy_std": 0.01702883212749272, "_timestamp": 1712818916.807286, "_runtime": 6.362203121185303, "_step": 4, "F1 Score_mean": 0.9234179768830215, "F1 Score_std": 0.016543602180797153, "Precision_mean": 0.9279701347448974, "Precision_std": 0.017422877895398207, "Recall_mean": 0.9222949763847144, "Recall_std": 0.01702883212749272, "ROC-AUC_mean": 0.9882545172140365, "ROC-AUC_std": 0.0032514648430359426, "_wandb": {"runtime": 4}}