,model,test_loss_mean,test_accuracy_mean,precision_mean,recall_mean,f1_score_mean,auc_micro_mean,auc_macro_mean,test_loss_std,test_accuracy_std,precision_std,recall_std,f1_score_std,auc_micro_std,auc_macro_std
0,vgg16,0.11819581644123567,0.9657822971660346,0.9651179683598172,0.9657822971660346,0.9643721780223462,0.9979817672051752,0.9959842533680098,0.05603681668090409,0.0168630722608456,0.017197371824870453,0.01686307226084562,0.017615110617656807,0.0015983275336382157,0.0035674355033636362
1,resnet18,0.022739920491516814,0.9954363119841009,0.9955416426196763,0.9954363119841009,0.9954288455410794,0.999567617165841,0.999475915985683,0.020526835370260166,0.005056175440615922,0.004892432687116997,0.005056175440615908,0.005069744750536592,0.0005464316893452111,0.0006810141189423682
2,mobilenet_v2,0.017816901732100897,0.9962918256784163,0.996373721080438,0.9962918256784163,0.9962892710518323,0.9998505039370148,0.9997418072071925,0.010653393952265429,0.00378520531366207,0.0037342500076013945,0.00378520531366207,0.0037936785612269442,0.00013265657390480273,0.00041841848012833676
3,resnet34,0.048294261173966804,0.9848876858862594,0.9863251059036402,0.9848876858862592,0.9850831729073584,0.9977864108341082,0.9966835491645696,0.02889194775922004,0.008053327842386859,0.006065813602011323,0.008053327842386862,0.007237879251993774,0.0005460058393046856,0.004553151896368833
4,efficientnet_b0,0.007687794478129381,0.9988595860207843,0.9988785929204379,0.9988595860207843,0.9988567734921905,0.9999820962671642,0.9999704313671156,0.00719844087333048,0.0013967167636125724,0.0013734381508857497,0.0013967167636125724,0.0014001615517297587,3.218797918288706e-05,5.913726576896039e-05
5,vit_b_16,0.43378424085031836,0.8671783492040268,0.878595998491844,0.8671783492040268,0.8562286681127611,0.9754453909464754,0.9495952204975584,0.14106259458655993,0.04401778730527788,0.024300435082069374,0.04401778730527791,0.04838284756146257,0.012489360674211554,0.02179683271133286
