{"Accuracy_mean": 0.9149635036496351, "Accuracy_std": 0.01940041055829878, "_timestamp": 1712819077.9000628, "_runtime": 12.094750881195068, "_step": 4, "F1 Score_mean": 0.9126592283623933, "F1 Score_std": 0.018917196270235064, "Precision_mean": 0.9162644475041197, "Precision_std": 0.015148796214167202, "Recall_mean": 0.9149635036496351, "Recall_std": 0.01940041055829878, "ROC-AUC_mean": 0.9790179620059082, "ROC-AUC_std": 0.004160357129024215, "_wandb": {"runtime": 10}}