{"Accuracy_mean": 0.9369257191927867, "Accuracy_std": 0.01899821819252014, "_timestamp": 1712819607.815545, "_runtime": 5.136378049850464, "_step": 4, "F1 Score_mean": 0.9353163344240301, "F1 Score_std": 0.018495136289752606, "Precision_mean": 0.9383541927067833, "Precision_std": 0.017710150990950257, "Recall_mean": 0.9369257191927867, "Recall_std": 0.01899821819252014, "ROC-AUC_mean": 0.9908740982928748, "ROC-AUC_std": 0.003418269630792605, "_wandb": {"runtime": 3}}