{"Accuracy_mean": 0.9427973379132674, "Accuracy_std": 0.015015229577136163, "_timestamp": 1712819455.2502098, "_runtime": 5.14661169052124, "_step": 4, "F1 Score_mean": 0.9418039043911332, "F1 Score_std": 0.014432571314928293, "Precision_mean": 0.9441949666755999, "Precision_std": 0.014957367391168297, "Recall_mean": 0.9427973379132674, "Recall_std": 0.015015229577136163, "ROC-AUC_mean": 0.9919655463716831, "ROC-AUC_std": 0.002955304523753686, "_wandb": {"runtime": 3}}