{"Accuracy_mean": 0.928102189781022, "Accuracy_std": 0.017181346684092633, "_timestamp": 1712819492.0768487, "_runtime": 4.4864418506622314, "_step": 4, "F1 Score_mean": 0.927048113354409, "F1 Score_std": 0.01918892150002036, "Precision_mean": 0.9294312457824354, "Precision_std": 0.01888675149164159, "Recall_mean": 0.928102189781022, "Recall_std": 0.017181346684092633, "ROC-AUC_mean": 0.9841046682133143, "ROC-AUC_std": 0.004909091843694015, "_wandb": {"runtime": 2}}