{"Accuracy_mean": 0.9471983683984542, "Accuracy_std": 0.010841584158395028, "_timestamp": 1712819137.1225708, "_runtime": 6.6165688037872314, "_step": 4, "F1 Score_mean": 0.9464213827803025, "F1 Score_std": 0.01078457682861131, "Precision_mean": 0.9474520043226166, "Precision_std": 0.010019882846886529, "Recall_mean": 0.9471983683984542, "Recall_std": 0.010841584158395028, "ROC-AUC_mean": 0.9921454901341168, "ROC-AUC_std": 0.0022325544379586367, "_wandb": {"runtime": 5}}