{"Accuracy_mean": 0.9398668956633749, "Accuracy_std": 0.01640593513163501, "_timestamp": 1712819113.307854, "_runtime": 5.088173866271973, "_step": 4, "F1 Score_mean": 0.9385797724747492, "F1 Score_std": 0.015806401453450376, "Precision_mean": 0.9410111603514217, "Precision_std": 0.015906128563076605, "Recall_mean": 0.9398668956633749, "Recall_std": 0.01640593513163501, "ROC-AUC_mean": 0.9925963828268358, "ROC-AUC_std": 0.00274589240756995, "_wandb": {"runtime": 3}}