{"Accuracy_mean": 0.9413267496779735, "Accuracy_std": 0.01803829497028462, "_timestamp": 1712819794.3135924, "_runtime": 7.091573476791382, "_step": 4, "F1 Score_mean": 0.941050008339751, "F1 Score_std": 0.017487730095400274, "Precision_mean": 0.9427548322160128, "Precision_std": 0.01698022267539937, "Recall_mean": 0.9413267496779735, "Recall_std": 0.01803829497028462, "ROC-AUC_mean": 0.9903721259376912, "ROC-AUC_std": 0.002232979429277916, "_wandb": {"runtime": 5}}