{"Accuracy_mean": 0.9295835122370116, "Accuracy_std": 0.012103898879144915, "_timestamp": 1712819090.3412874, "_runtime": 5.381118297576904, "_step": 4, "F1 Score_mean": 0.928806815212039, "F1 Score_std": 0.01335716625027119, "Precision_mean": 0.9314807963661629, "Precision_std": 0.014233067816470475, "Recall_mean": 0.9295835122370116, "Recall_std": 0.012103898879144915, "ROC-AUC_mean": 0.9892091904796942, "ROC-AUC_std": 0.0017684917353659663, "_wandb": {"runtime": 3}}