{"Accuracy_mean": 0.9457277801631602, "Accuracy_std": 0.01517916732083239, "_timestamp": 1712819480.3448, "_runtime": 6.899979114532471, "_step": 4, "F1 Score_mean": 0.9450682316271912, "F1 Score_std": 0.014317578013771754, "Precision_mean": 0.9468881136433158, "Precision_std": 0.014584457964521347, "Recall_mean": 0.9457277801631602, "Recall_std": 0.01517916732083239, "ROC-AUC_mean": 0.991467732087683, "ROC-AUC_std": 0.0022801799975596857, "_wandb": {"runtime": 5}}