{"Accuracy_mean": 0.8694933447831688, "Accuracy_std": 0.02984674337427509, "_timestamp": 1712819002.2439306, "_runtime": 4.745656490325928, "_step": 4, "F1 Score_mean": 0.870528239205929, "F1 Score_std": 0.027154931598423245, "Precision_mean": 0.8762429286628052, "Precision_std": 0.024054618155534054, "Recall_mean": 0.8694933447831688, "Recall_std": 0.02984674337427509, "ROC-AUC_mean": 0.9062790356172348, "ROC-AUC_std": 0.024504770908581098, "_wandb": {"runtime": 3}}