{"Accuracy_mean": 0.9178724774581365, "Accuracy_std": 0.0170912390947633, "_timestamp": 1712819149.188936, "_runtime": 4.539056062698364, "_step": 4, "F1 Score_mean": 0.9156690301189597, "F1 Score_std": 0.0193790900559631, "Precision_mean": 0.9194717692235738, "Precision_std": 0.019587656879816902, "Recall_mean": 0.9178724774581365, "Recall_std": 0.0170912390947633, "ROC-AUC_mean": 0.9781850845151979, "ROC-AUC_std": 0.008031814871014774, "_wandb": {"runtime": 3}}