{"Accuracy_mean": 0.9149527694289394, "Accuracy_std": 0.015153039740015726, "_timestamp": 1712819570.3422868, "_runtime": 7.732526779174805, "_step": 4, "F1 Score_mean": 0.9118618368523542, "F1 Score_std": 0.017332526327269882, "Precision_mean": 0.9159544462758566, "Precision_std": 0.01309618211737114, "Recall_mean": 0.9149527694289394, "Recall_std": 0.015153039740015726, "ROC-AUC_mean": 0.9742085114992609, "ROC-AUC_std": 0.00604713691636298, "_wandb": {"runtime": 6}}