{"Accuracy_mean": 0.8855732073851439, "Accuracy_std": 0.02179644239960446, "_timestamp": 1712818878.2403457, "_runtime": 6.109023809432983, "_step": 4, "F1 Score_mean": 0.8939129262253467, "F1 Score_std": 0.02003796174026735, "Precision_mean": 0.9122714518578077, "Precision_std": 0.019879077682774783, "Recall_mean": 0.8855732073851439, "Recall_std": 0.02179644239960446, "ROC-AUC_mean": 0.9784215692418321, "ROC-AUC_std": 0.0059447979454589385, "_wandb": {"runtime": 4}}