{"Accuracy_mean": 0.9075998282524689, "Accuracy_std": 0.02006192823778179, "_timestamp": 1712818863.4993987, "_runtime": 6.332258701324463, "_step": 4, "F1 Score_mean": 0.9124001785768403, "F1 Score_std": 0.019065589788161422, "Precision_mean": 0.9238278312003392, "Precision_std": 0.016901857055027992, "Recall_mean": 0.9075998282524689, "Recall_std": 0.02006192823778179, "ROC-AUC_mean": 0.9876674282092865, "ROC-AUC_std": 0.003456331139127593, "_wandb": {"runtime": 4}}