{"Accuracy_mean": 0.9105732073851438, "Accuracy_std": 0.029456829578871722, "_timestamp": 1712819780.7969794, "_runtime": 4.827539443969727, "_step": 4, "F1 Score_mean": 0.9120992397779151, "F1 Score_std": 0.026062631587214703, "Precision_mean": 0.9173454169081653, "Precision_std": 0.02348180859524792, "Recall_mean": 0.9105732073851438, "Recall_std": 0.029456829578871722, "ROC-AUC_mean": 0.9836647181851795, "ROC-AUC_std": 0.0044609729697660085, "_wandb": {"runtime": 3}}