{"Accuracy_mean": 0.9383855732073851, "Accuracy_std": 0.012064280369832004, "_timestamp": 1712819646.4343412, "_runtime": 4.485749244689941, "_step": 4, "F1 Score_mean": 0.9381206036915435, "F1 Score_std": 0.012403661716909882, "Precision_mean": 0.9397903487106933, "Precision_std": 0.012919706513237228, "Recall_mean": 0.9383855732073851, "Recall_std": 0.012064280369832004, "ROC-AUC_mean": 0.9807666002964186, "ROC-AUC_std": 0.00570307242715318, "_wandb": {"runtime": 2}}