{"Accuracy_mean": 0.9413267496779735, "Accuracy_std": 0.01803829497028462, "_timestamp": 1712818947.8046503, "_runtime": 5.2848522663116455, "_step": 4, "F1 Score_mean": 0.9400377194830201, "F1 Score_std": 0.01766160382813562, "Precision_mean": 0.9425942795680408, "Precision_std": 0.017663453536177404, "Recall_mean": 0.9413267496779735, "Recall_std": 0.01803829497028462, "ROC-AUC_mean": 0.9918350791528964, "ROC-AUC_std": 0.0035852341720743366, "_wandb": {"runtime": 3}}