{"Accuracy_mean": 0.9164233576642337, "Accuracy_std": 0.01360171898956335, "_timestamp": 1712819620.3401701, "_runtime": 4.650978088378906, "_step": 4, "F1 Score_mean": 0.9161700568986062, "F1 Score_std": 0.012096868262362835, "Precision_mean": 0.9184930878325301, "Precision_std": 0.01064790969499796, "Recall_mean": 0.9164233576642337, "Recall_std": 0.01360171898956335, "ROC-AUC_mean": 0.9848463777523516, "ROC-AUC_std": 0.0051540673960620755, "_wandb": {"runtime": 2}}