{"Accuracy_mean": 0.9105624731644483, "Accuracy_std": 0.008470286422458999, "_timestamp": 1712819058.6195421, "_runtime": 6.0042901039123535, "_step": 4, "F1 Score_mean": 0.9159620345414327, "F1 Score_std": 0.006797832560175339, "Precision_mean": 0.9298366939793945, "Precision_std": 0.011465820433661598, "Recall_mean": 0.9105624731644483, "Recall_std": 0.008470286422458999, "ROC-AUC_mean": 0.9795818552248846, "ROC-AUC_std": 0.0043939165426208895, "_wandb": {"runtime": 4}}