{"Accuracy_mean": 0.8959102619149849, "Accuracy_std": 0.014833147255113368, "_timestamp": 1712819160.5128312, "_runtime": 4.7924041748046875, "_step": 4, "F1 Score_mean": 0.8961244082796824, "F1 Score_std": 0.013668793089079223, "Precision_mean": 0.9006361732765656, "Precision_std": 0.01338810109305809, "Recall_mean": 0.8959102619149849, "Recall_std": 0.014833147255113368, "ROC-AUC_mean": 0.9424898441796039, "ROC-AUC_std": 0.007560177814143059, "_wandb": {"runtime": 3}}