{"Accuracy_mean": 0.9252361528553028, "Accuracy_std": 0.01875265590547225, "_timestamp": 1712819013.5072982, "_runtime": 5.0169031620025635, "_step": 4, "F1 Score_mean": 0.9239441605760266, "F1 Score_std": 0.018646875571043744, "Precision_mean": 0.9268907855678392, "Precision_std": 0.018158326154535834, "Recall_mean": 0.9252361528553028, "Recall_std": 0.01875265590547225, "ROC-AUC_mean": 0.9866892258678395, "ROC-AUC_std": 0.003336656343831394, "_wandb": {"runtime": 3}}