{"Accuracy_mean": 0.9369364534134823, "Accuracy_std": 0.013683247576693201, "_timestamp": 1712819530.3477602, "_runtime": 9.37022614479065, "_step": 4, "F1 Score_mean": 0.935491300300171, "F1 Score_std": 0.013317134820785392, "Precision_mean": 0.9389439871182935, "Precision_std": 0.014310277228686316, "Recall_mean": 0.9369364534134823, "Recall_std": 0.013683247576693201, "ROC-AUC_mean": 0.991237931053675, "ROC-AUC_std": 0.002469211723806165, "_wandb": {"runtime": 7}}