{"Accuracy_mean": 0.9252576212966938, "Accuracy_std": 0.016787325958077786, "_timestamp": 1712819466.926778, "_runtime": 4.692602157592773, "_step": 4, "F1 Score_mean": 0.9255124203746004, "F1 Score_std": 0.016291831508625773, "Precision_mean": 0.9286647582394851, "Precision_std": 0.012412254078711504, "Recall_mean": 0.9252576212966938, "Recall_std": 0.016787325958077786, "ROC-AUC_mean": 0.9877137195463475, "ROC-AUC_std": 0.002985279359817022, "_wandb": {"runtime": 3}}