{"Accuracy_mean": 0.9222520395019321, "Accuracy_std": 0.02313765192616552, "_timestamp": 1712818795.3783596, "_runtime": 4.578014612197876, "_step": 4, "F1 Score_mean": 0.9214166889075145, "F1 Score_std": 0.025178707325386417, "Precision_mean": 0.9225255852049452, "Precision_std": 0.026958798797163123, "Recall_mean": 0.9222520395019321, "Recall_std": 0.02313765192616552, "ROC-AUC_mean": 0.978449006898096, "ROC-AUC_std": 0.007070030250265055, "_wandb": {"runtime": 3}}