{"Accuracy_mean": 0.8871189351653068, "Accuracy_std": 0.011709524413031512, "_timestamp": 1712819660.275666, "_runtime": 4.852751016616821, "_step": 4, "F1 Score_mean": 0.8855161494188101, "F1 Score_std": 0.01183737934939555, "Precision_mean": 0.8871758501119942, "Precision_std": 0.01122937196735961, "Recall_mean": 0.8871189351653068, "Recall_std": 0.011709524413031512, "ROC-AUC_mean": 0.9415764431242939, "ROC-AUC_std": 0.011037672908432255, "_wandb": {"runtime": 3}}