{"Accuracy_mean": 0.9252254186346072, "Accuracy_std": 0.0169383621712051, "_timestamp": 1712819582.8651924, "_runtime": 5.4417405128479, "_step": 4, "F1 Score_mean": 0.923030183920957, "F1 Score_std": 0.01735098958056566, "Precision_mean": 0.9287474576688384, "Precision_std": 0.012099536690090477, "Recall_mean": 0.9252254186346072, "Recall_std": 0.0169383621712051, "ROC-AUC_mean": 0.9887393436056069, "ROC-AUC_std": 0.002147405239817823, "_wandb": {"runtime": 3}}