{"Accuracy_mean": 0.9339738085015027, "Accuracy_std": 0.024672493602408776, "_timestamp": 1712819769.1980221, "_runtime": 5.430707216262817, "_step": 4, "F1 Score_mean": 0.9325552227010047, "F1 Score_std": 0.024420325357228663, "Precision_mean": 0.9359068750423631, "Precision_std": 0.024825348087794297, "Recall_mean": 0.9339738085015027, "Recall_std": 0.024672493602408776, "ROC-AUC_mean": 0.9903524295509925, "ROC-AUC_std": 0.003559641439258975, "_wandb": {"runtime": 3}}