{"Accuracy_mean": 0.9310648346930014, "Accuracy_std": 0.019570624578095493, "_timestamp": 1712818934.187105, "_runtime": 7.818065881729126, "_step": 4, "F1 Score_mean": 0.9283756048266278, "F1 Score_std": 0.019314334977401145, "Precision_mean": 0.9314514408378572, "Precision_std": 0.01895879277205857, "Recall_mean": 0.9310648346930014, "Recall_std": 0.019570624578095493, "ROC-AUC_mean": 0.9911727859498962, "ROC-AUC_std": 0.002120391754141269, "_wandb": {"runtime": 6}}