{"Accuracy_mean": 0.9310541004723056, "Accuracy_std": 0.019008380352946812, "_timestamp": 1712819031.8798168, "_runtime": 12.166674852371216, "_step": 4, "F1 Score_mean": 0.930054284067366, "F1 Score_std": 0.01989638579394992, "Precision_mean": 0.9325051061380121, "Precision_std": 0.019737236299151847, "Recall_mean": 0.9310541004723056, "Recall_std": 0.019008380352946812, "ROC-AUC_mean": 0.991156150886139, "ROC-AUC_std": 0.002896780166243841, "_wandb": {"runtime": 10}}