{"Accuracy_mean": 0.9208136539287249, "Accuracy_std": 0.024324170429539695, "_timestamp": 1712819756.0675762, "_runtime": 5.622330188751221, "_step": 4, "F1 Score_mean": 0.9192302007988479, "F1 Score_std": 0.024019262382554925, "Precision_mean": 0.9223643065166399, "Precision_std": 0.02419110775473505, "Recall_mean": 0.9208136539287249, "Recall_std": 0.024324170429539695, "ROC-AUC_mean": 0.9896039855941158, "ROC-AUC_std": 0.0031988091197462263, "_wandb": {"runtime": 3}}