{"Accuracy_mean": 0.9149205667668527, "Accuracy_std": 0.019568145752596407, "_timestamp": 1712819702.427188, "_runtime": 5.7120959758758545, "_step": 4, "F1 Score_mean": 0.9191695656467733, "F1 Score_std": 0.018991436601634288, "Precision_mean": 0.9288339024641872, "Precision_std": 0.018851355314024022, "Recall_mean": 0.9149205667668527, "Recall_std": 0.019568145752596407, "ROC-AUC_mean": 0.9862607346049526, "ROC-AUC_std": 0.003705518878833054, "_wandb": {"runtime": 4}}