{"Accuracy_mean": 0.9120008587376557, "Accuracy_std": 0.016209796394766673, "_timestamp": 1712819124.0709531, "_runtime": 4.563704013824463, "_step": 4, "F1 Score_mean": 0.90955713562067, "F1 Score_std": 0.017986572871940516, "Precision_mean": 0.9121562465019458, "Precision_std": 0.019081510063561246, "Recall_mean": 0.9120008587376557, "Recall_std": 0.016209796394766673, "ROC-AUC_mean": 0.9879651031624341, "ROC-AUC_std": 0.003494724638844576, "_wandb": {"runtime": 3}}