{"Accuracy_mean": 0.9222520395019321, "Accuracy_std": 0.015973501449577664, "_timestamp": 1712819672.7596908, "_runtime": 4.839120864868164, "_step": 4, "F1 Score_mean": 0.9210363447812944, "F1 Score_std": 0.018152365096765037, "Precision_mean": 0.9252727699093711, "Precision_std": 0.017582319107030446, "Recall_mean": 0.9222520395019321, "Recall_std": 0.015973501449577664, "ROC-AUC_mean": 0.9814492515586271, "ROC-AUC_std": 0.006194024664248165, "_wandb": {"runtime": 3}}