{"Accuracy_mean": 0.9149313009875482, "Accuracy_std": 0.02110381640039727, "_timestamp": 1712819045.9551735, "_runtime": 6.347857475280762, "_step": 4, "F1 Score_mean": 0.9192582155325398, "F1 Score_std": 0.020188240743572734, "Precision_mean": 0.9293671529222122, "Precision_std": 0.01944633428246586, "Recall_mean": 0.9149313009875482, "Recall_std": 0.02110381640039727, "ROC-AUC_mean": 0.9877115475695065, "ROC-AUC_std": 0.0031761499626687963, "_wandb": {"runtime": 4}}