{"Accuracy_mean": 0.917861743237441, "Accuracy_std": 0.02206872238638344, "_timestamp": 1712818990.3511567, "_runtime": 4.681302785873413, "_step": 4, "F1 Score_mean": 0.9167686287931561, "F1 Score_std": 0.02416576651492924, "Precision_mean": 0.9190694979320139, "Precision_std": 0.025968136689767392, "Recall_mean": 0.917861743237441, "Recall_std": 0.02206872238638344, "ROC-AUC_mean": 0.9796157241014288, "ROC-AUC_std": 0.007964744864924442, "_wandb": {"runtime": 3}}