{"Accuracy_mean": 0.9354443967367969, "Accuracy_std": 0.016497816266932048, "_timestamp": 1712819596.2036576, "_runtime": 5.484618663787842, "_step": 4, "F1 Score_mean": 0.9334202299555224, "F1 Score_std": 0.01709044412755831, "Precision_mean": 0.9355636566479124, "Precision_std": 0.017972747971609873, "Recall_mean": 0.9354443967367969, "Recall_std": 0.016497816266932048, "ROC-AUC_mean": 0.9897904192031973, "ROC-AUC_std": 0.002668261935240822, "_wandb": {"runtime": 3}}