{"Accuracy_mean": 0.9031773293258908, "Accuracy_std": 0.020070294613663532, "_timestamp": 1712819714.958368, "_runtime": 5.065816164016724, "_step": 4, "F1 Score_mean": 0.9080340916851177, "F1 Score_std": 0.01987496769421717, "Precision_mean": 0.9177517139152475, "Precision_std": 0.023060360433262105, "Recall_mean": 0.9031773293258908, "Recall_std": 0.020070294613663532, "ROC-AUC_mean": 0.9762269509519099, "ROC-AUC_std": 0.005533477930803821, "_wandb": {"runtime": 3}}