{"Accuracy_mean": 0.9383963074280809, "Accuracy_std": 0.018952585189801016, "_timestamp": 1712819634.6261797, "_runtime": 6.85727858543396, "_step": 4, "F1 Score_mean": 0.9369464083099235, "F1 Score_std": 0.018622056818105324, "Precision_mean": 0.9395931667133309, "Precision_std": 0.01789622231264216, "Recall_mean": 0.9383963074280809, "Recall_std": 0.018952585189801016, "ROC-AUC_mean": 0.9911464326331598, "ROC-AUC_std": 0.0026470955947736413, "_wandb": {"runtime": 5}}