{"Accuracy_mean": 0.9252146844139115, "Accuracy_std": 0.007252838963469053, "_timestamp": 1712819431.4687798, "_runtime": 5.73864483833313, "_step": 4, "F1 Score_mean": 0.9252788715704574, "F1 Score_std": 0.007893138912882302, "Precision_mean": 0.9296390518081159, "Precision_std": 0.009760365077327537, "Recall_mean": 0.9252146844139115, "Recall_std": 0.007252838963469053, "ROC-AUC_mean": 0.9900019595524974, "ROC-AUC_std": 0.0007419127168643148, "_wandb": {"runtime": 3}}