{"Accuracy_mean": 0.9164233576642336, "Accuracy_std": 0.013624825861197941, "_timestamp": 1712819419.1783528, "_runtime": 10.445289850234985, "_step": 4, "F1 Score_mean": 0.9136739695497639, "F1 Score_std": 0.014723305675340762, "Precision_mean": 0.9167663502883032, "Precision_std": 0.01187163994393146, "Recall_mean": 0.9164233576642336, "Recall_std": 0.013624825861197941, "ROC-AUC_mean": 0.9769994227167202, "ROC-AUC_std": 0.0046773615826374145, "_wandb": {"runtime": 8}}