{"Accuracy_mean": 0.8943860025762129, "Accuracy_std": 0.028859414983858914, "_timestamp": 1712819402.1992116, "_runtime": 5.755783557891846, "_step": 4, "F1 Score_mean": 0.9018592712508203, "F1 Score_std": 0.02573539499451527, "Precision_mean": 0.9168612386561902, "Precision_std": 0.022568102091756474, "Recall_mean": 0.8943860025762129, "Recall_std": 0.028859414983858914, "ROC-AUC_mean": 0.9755452553485844, "ROC-AUC_std": 0.004689180965710246, "_wandb": {"runtime": 4}}