{"Accuracy_mean": 0.8797552597681408, "Accuracy_std": 0.014473957271091917, "_timestamp": 1712819503.215979, "_runtime": 4.7533180713653564, "_step": 4, "F1 Score_mean": 0.8779746821299753, "F1 Score_std": 0.015861458267210277, "Precision_mean": 0.8798191674202359, "Precision_std": 0.018223896637358128, "Recall_mean": 0.8797552597681408, "Recall_std": 0.014473957271091917, "ROC-AUC_mean": 0.9318767458893842, "ROC-AUC_std": 0.020799460267097808, "_wandb": {"runtime": 3}}