{"Accuracy_mean": 0.9208029197080292, "Accuracy_std": 0.019942107894351226, "_timestamp": 1712818900.0748055, "_runtime": 12.762651443481445, "_step": 4, "F1 Score_mean": 0.9178522521405281, "F1 Score_std": 0.021314231376305285, "Precision_mean": 0.9231632086552791, "Precision_std": 0.016170186100499435, "Recall_mean": 0.9208029197080292, "Recall_std": 0.019942107894351226, "ROC-AUC_mean": 0.9790012297762974, "ROC-AUC_std": 0.005148539248514478, "_wandb": {"runtime": 11}}