{"Accuracy_mean": 0.9296371833404896, "Accuracy_std": 0.015041703783257523, "_timestamp": 1712818823.8039365, "_runtime": 5.184306383132935, "_step": 4, "F1 Score_mean": 0.9288391534220597, "F1 Score_std": 0.014204484479046434, "Precision_mean": 0.9320469650627414, "Precision_std": 0.013808665115899503, "Recall_mean": 0.9296371833404896, "Recall_std": 0.015041703783257523, "ROC-AUC_mean": 0.987091189971036, "ROC-AUC_std": 0.0030820629801293067, "_wandb": {"runtime": 3}}