{"Accuracy_mean": 0.9149098325461573, "Accuracy_std": 0.021210765771412347, "_timestamp": 1712819543.8876073, "_runtime": 5.814127445220947, "_step": 4, "F1 Score_mean": 0.9190267316727198, "F1 Score_std": 0.020603137665427904, "Precision_mean": 0.928352036101861, "Precision_std": 0.02062480324959156, "Recall_mean": 0.9149098325461573, "Recall_std": 0.021210765771412347, "ROC-AUC_mean": 0.9859884841634227, "ROC-AUC_std": 0.002909446470491513, "_wandb": {"runtime": 4}}